{"cameraMode":{"drawMode":0,"name":"Shaded","section":"Shading Mode"},"sceneLighting":true,"audioPlay":false,"sceneViewState":{"m_AlwaysRefresh":false,"showFog":true,"showSkybox":true,"showFlares":true,"showImageEffects":true,"showParticleSystems":true,"showVisualEffectGraphs":true,"m_FxEnabled":true},"in2DMode":false,"pivot":{"x":-0.17633554339408875,"y":1.0277270078659058,"z":0.1336861252784729},"rotation":{"x":0.5837675929069519,"y":-0.012797266244888306,"z":0.008900073356926442,"w":0.8118358254432678},"size":0.502512514591217,"orthographic":false}