{"cameraMode":{"drawMode":0,"name":"Shaded","section":"Shading Mode"},"sceneLighting":true,"audioPlay":false,"sceneViewState":{"m_AlwaysRefresh":false,"showFog":true,"showSkybox":true,"showFlares":true,"showImageEffects":true,"showParticleSystems":true,"showVisualEffectGraphs":true,"m_FxEnabled":true},"in2DMode":false,"pivot":{"x":-1.3976988792419434,"y":-0.3947572708129883,"z":10.433087348937989},"rotation":{"x":0.1105833575129509,"y":-0.05810677632689476,"z":0.006476202979683876,"w":0.9921492338180542},"size":12.606903076171875,"orthographic":false}